anatomy,acceleration,metric,competitor,n_slices,mean_ours,mean_competitor,median_diff,ci95_low,ci95_high,median_diff_pp,ci95_low_pp,ci95_high_pp,cohens_d,d_ci_low,d_ci_high,rank_biserial,wilcoxon_p,ttest_p,direction
all_knee,4,nrmse,diffusion+loupe,551,0.07550143898785927,0.09151135247485845,0.014573353748176199,0.013753397569691808,0.014993696752826191,,,,1.5582672106187672,1.4336398801513477,1.682215217916351,1.0,5.95853420474303e-92,2.038126998076498e-149,ours_better
all_knee,8,nrmse,diffusion+loupe,551,0.08962398853298964,0.10389778661034896,0.012904751058179384,0.01199942095009171,0.013513664970139394,,,,1.40162823473126,1.2836933762855864,1.5188882426674457,0.998395539072569,1.1582956922646538e-91,4.8688667998370736e-132,ours_better
all_knee,12,nrmse,diffusion+loupe,551,0.09747118795315739,0.10962826836592951,0.010363500145014193,0.009941482246136599,0.011040608945511315,,,,1.2872310536205192,1.173957338881112,1.3998379104002585,0.9978957889476314,1.4244327141894823e-91,6.195609020568781e-119,ours_better
all_knee,16,nrmse,diffusion+loupe,551,0.10323816898632482,0.11440540841133462,0.009245569836068696,0.008876875518305398,0.009837121277730704,,,,1.2694716975319,1.156902645415321,1.3813755668503542,0.9999868486809227,5.991113420334562e-92,7.151530644440388e-117,ours_better
all_knee,20,nrmse,diffusion+loupe,551,0.10790352974809833,0.11849687147801015,0.008818785824104891,0.00833741246758321,0.009407612331345697,,,,1.2554024447696084,1.1433878352088291,1.3667532896414145,0.9999342434046135,6.123216998377633e-92,3.112278031558072e-115,ours_better
all_knee,4,nrmse,diffusion+poisson,551,0.07550143898785927,0.08004984523854101,0.004305271087961499,0.004033876947298301,0.004593843462709003,,,,1.7899167741294244,1.6548396870323892,1.924317397050139,0.9986191114968831,1.0558961392339538e-91,8.379386822163952e-174,ours_better
all_knee,8,nrmse,diffusion+poisson,551,0.08962398853298964,0.09766899983804851,0.007927469934227195,0.0075033929786213,0.00843356441383479,,,,1.5960303118355197,1.469741424454964,1.7216396883921206,0.9792077645387832,3.0227466376833587e-88,1.6782741078034012e-153,ours_better
all_knee,12,nrmse,diffusion+poisson,551,0.09747118795315739,0.1098674469440306,0.012655508431304002,0.012023732027453195,0.013518368515800905,,,,1.6584744311810493,1.5294005646128819,1.7868690959081368,0.9800099950024987,2.1821158343121637e-88,3.6614381374032126e-160,ours_better
all_knee,16,nrmse,diffusion+poisson,551,0.10323816898632482,0.1189687871216474,0.016344070453790896,0.015431295938961406,0.017357644797752925,,,,1.7063877531073277,1.5751468936340287,1.836950111313198,0.9830874036665878,6.2360985133484006e-89,3.399719892998076e-165,ours_better
all_knee,20,nrmse,diffusion+poisson,551,0.10790352974809833,0.12315991314237003,0.015870383228984,0.015049586646884598,0.016739959348261807,,,,1.5826100526778728,1.4569136578602597,1.7076269690316777,0.970185959651753,1.1588452343329847e-86,4.694206438296252e-152,ours_better
all_knee,4,psnr,diffusion+loupe,551,39.58595185251843,37.254761321545054,1.7180631886848303,1.5960685682654798,1.8680370331384921,,,,1.2946884282645075,1.1811172417462739,1.4075920906773096,1.0,5.95853420474303e-92,8.476123684994312e-120,ours_better
all_knee,8,psnr,diffusion+loupe,551,37.495610254933354,35.91679305020509,1.2019206067004689,1.1217440608773401,1.2694558942844125,,,,1.1831517384008925,1.0739294690905108,1.291718878797084,0.9880191483205766,8.31065927159408e-90,9.3489705658341e-107,ours_better
all_knee,12,psnr,diffusion+loupe,551,36.453628954989675,35.25624897676792,0.893601982221,0.844410505535091,0.9610411604169613,,,,1.1252460925602201,1.0181919720258912,1.2316537895985697,0.9869012861990057,1.3134504604203105e-89,6.76095900207944e-100,ours_better
all_knee,16,psnr,diffusion+loupe,551,35.75216593975631,34.70836345102028,0.7725286885711,0.7368954003928465,0.8194414892575814,,,,1.1775646867499823,1.0685543916838582,1.2859206204714364,0.9995923091086036,7.055637683342841e-92,4.2688718223472633e-106,ours_better
all_knee,20,psnr,diffusion+loupe,551,35.19043995357409,34.27369134170174,0.6943585767072378,0.6597799795083787,0.7387793234134605,,,,1.1605864534862698,1.0522167185276368,1.2683042525690653,0.9986848680922696,1.0275346732202554e-91,4.342275266548869e-104,ours_better
all_knee,4,psnr,diffusion+poisson,551,39.58595185251843,39.01931198660064,0.4450013865252558,0.40730090772982663,0.48606211255467,,,,1.1885714525494147,1.0791430028883202,1.2973440429523906,0.9898208790341672,3.969907993815141e-90,2.1452325540077423e-107,ours_better
all_knee,8,psnr,diffusion+poisson,551,37.495610254933354,36.75146792516852,0.6640489389615567,0.599590163498263,0.7421418832996451,,,,1.0632475563092787,0.9584413057516684,1.1674186673961817,0.8933559536021463,9.106606262815343e-74,1.663253914299107e-92,ours_better
all_knee,12,psnr,diffusion+poisson,551,36.453628954989675,35.362678167415034,1.032850240223894,0.9499761690080675,1.147070163412934,,,,1.2331152988635037,1.1219719716713643,1.343597278204303,0.9264709750387964,3.395599992246956e-79,1.2513890094107806e-112,ours_better
all_knee,16,psnr,diffusion+poisson,551,35.75216593975631,34.434234004050275,1.3106772919550806,1.1919789924293838,1.44623107714294,,,,1.365333681878405,1.248899781152254,1.4810947759380262,0.9476182961151003,9.152205291232138e-83,6.452992420284688e-128,ours_better
all_knee,20,psnr,diffusion+poisson,551,35.19043995357409,34.04436932265709,1.156241177700231,1.0275861960237762,1.267869526668747,,,,1.1946655141370808,1.0850045812708808,1.3036697831055546,0.9070596280806965,5.45481664701e-76,4.104395092033913e-108,ours_better
all_knee,4,ssim,diffusion+loupe,551,0.9211984489655172,0.9087607302359346,0.011275360000000068,0.010516830000000033,0.011938549999999992,1.1275360000000068,1.0516830000000033,1.1938549999999992,1.6142880597656133,1.4871896224181824,1.7407070003801293,0.9994870985559852,7.370085979802039e-92,1.8417601590770384e-155,ours_better
all_knee,8,ssim,diffusion+loupe,551,0.8918415107078039,0.8829117120326678,0.008606239999999987,0.007820600000000066,0.009337929999999939,0.8606239999999987,0.7820600000000066,0.9337929999999939,1.1986628333364804,1.088849035132853,1.3078194492929989,0.9406086430468976,1.424099175155596e-81,1.3883365277539099e-108,ours_better
all_knee,12,ssim,diffusion+loupe,551,0.8755146583484574,0.8694323042649728,0.0056045500000000414,0.005006200000000072,0.006343940000000048,0.5604550000000041,0.5006200000000072,0.6343940000000048,0.9397665559652609,0.8391912363229904,1.0397360823833037,0.8511270680449249,3.952654851226613e-67,9.977839761112716e-78,ours_better
all_knee,16,ssim,diffusion+loupe,551,0.8638274133938294,0.859153655154265,0.0042295999999999445,0.003886500000000015,0.004552139999999927,0.42295999999999445,0.3886500000000015,0.4552139999999927,0.779313843189326,0.6836873120708185,0.8743886866498939,0.7949051789894527,8.676384750709066e-59,9.55999481556026e-59,ours_better
all_knee,20,ssim,diffusion+loupe,551,0.8538204821960073,0.8503508857894737,0.0029953600000000025,0.0026144399999999957,0.0034503999999999646,0.29953600000000025,0.26144399999999957,0.34503999999999646,0.5515258738277008,0.4616764109817853,0.6409368884628162,0.6022515058260344,1.7123904039663084e-34,1.1920293699569895e-33,ours_better
all_knee,4,ssim,diffusion+poisson,551,0.9211984489655172,0.9177468221960072,0.003050500000000067,0.0026731399999999628,0.0033402000000000154,0.3050500000000067,0.2673139999999963,0.33402000000000154,1.0593714078172742,0.9547030602138535,1.1634053934934012,0.9099529182777033,1.8332501036705765e-76,4.832892380212308e-92,ours_better
all_knee,8,ssim,diffusion+poisson,551,0.8918415107078039,0.8865703199818511,0.004111759999999909,0.0035018399999999783,0.004935259999999997,0.4111759999999909,0.35018399999999783,0.4935259999999997,0.7634449760329318,0.668270839419598,0.858073870857177,0.7353428548883453,1.4398400621400892e-50,6.624961869777338e-57,ours_better
all_knee,12,ssim,diffusion+poisson,551,0.8755146583484574,0.8662681091470055,0.00795804,0.006782600000000083,0.009010839999999964,0.795804,0.6782600000000083,0.9010839999999964,0.939890577168903,0.8393111828912898,1.0398641437351117,0.8412372760987927,1.2741412751380603e-65,9.642920666008377e-78,ours_better
all_knee,16,ssim,diffusion+poisson,551,0.8638274133938294,0.8512201929582577,0.011254700000000062,0.010088099999999933,0.012587050000000044,1.1254700000000062,1.0088099999999933,1.2587050000000044,1.085507346040759,0.9799030699494398,1.1904721850386755,0.8973539546016466,2.062539787059261e-74,3.655437474002446e-95,ours_better
all_knee,20,ssim,diffusion+poisson,551,0.8538204821960073,0.8421503818693284,0.010023710000000019,0.00886975000000001,0.01153928000000004,1.002371000000002,0.886975000000001,1.153928000000004,0.8840703975046527,0.7852872853738971,0.9822643042772471,0.8027302138404482,6.475294985252364e-60,4.3907163471626e-71,ours_better
pd_knee,4,nrmse,diffusion+loupe,281,0.03902553869875457,0.06139756781052961,0.020243027919858204,0.018664399926521198,0.022239694145928593,,,,1.5198875830169705,1.3474617158039592,1.6909828893242862,1.0,7.808561906109309e-48,6.711790813787321e-75,ours_better
pd_knee,8,nrmse,diffusion+loupe,281,0.05140055153507862,0.07186338226453978,0.017811394885232902,0.0158228912308363,0.019764505043593804,,,,1.4181439871872183,1.251791405888129,1.5831719535458983,1.0,7.808561906109309e-48,3.958794770002488e-69,ours_better
pd_knee,12,nrmse,diffusion+loupe,281,0.059483897982005804,0.07912442675487902,0.016780923456876,0.015491823381991399,0.0188445574632692,,,,1.4138824125493323,1.24777978186193,1.5786608023307338,1.0,7.808561906109309e-48,6.957742813182708e-69,ours_better
pd_knee,16,nrmse,diffusion+loupe,281,0.06589740260855721,0.08509509422535727,0.0167148670875351,0.015467501226918604,0.0175898817867495,,,,1.4892658886942183,1.3186887027959882,1.6585137332140907,1.0,7.808561906109309e-48,3.531640807036835e-73,ours_better
pd_knee,20,nrmse,diffusion+loupe,281,0.07102804182974717,0.09068212025457098,0.01676253573068351,0.01519198872241831,0.018531405365620396,,,,1.3860003181883422,1.2215238234612422,1.5491552918539562,1.0,7.808561906109309e-48,2.8243778599689723e-67,ours_better
pd_knee,4,nrmse,diffusion+poisson,281,0.03902553869875457,0.04435205313587752,0.004778570298913605,0.004302956678428199,0.0054350863454544,,,,1.6157363797361892,1.437415821071362,1.7927252940227236,1.0,7.808561906109309e-48,3.385386802716927e-80,ours_better
pd_knee,8,nrmse,diffusion+poisson,281,0.05140055153507862,0.059149616903881576,0.006869651835534701,0.005831612646664798,0.008175107977496703,,,,1.2516722615955127,1.0947925889596046,1.4072509648957303,0.9659776381211983,9.416907055272143e-45,2.1845866771581094e-59,ours_better
pd_knee,12,nrmse,diffusion+poisson,281,0.059483897982005804,0.07099007502617752,0.0107357176400118,0.009174076670792695,0.012354392636394998,,,,1.1861719801437454,1.0328421958136125,1.338216013908796,0.9249892733651347,3.5146901615768137e-41,1.8180497468320503e-55,ours_better
pd_knee,16,nrmse,diffusion+poisson,281,0.06589740260855721,0.08043303873110332,0.014170699818126603,0.012427356915159796,0.015671805771694095,,,,1.3161894284083364,1.1557118024480109,1.4753545718155197,0.9542161984806037,1.0340735101473885e-43,3.3346575518477034e-63,ours_better
pd_knee,20,nrmse,diffusion+poisson,281,0.07102804182974717,0.084572827639843,0.012823576423736396,0.010610341997194794,0.015455178275478196,,,,1.0896650030758543,0.941361252510854,1.236712858271446,0.8846066479897025,8.226973342240327e-38,1.2651287510109531e-49,ours_better
pd_knee,4,psnr,diffusion+loupe,281,43.14521462939942,39.018593845959884,4.085833170730922,3.753854949836395,4.396203384452775,,,,1.860745849913755,1.6667003289347793,2.053471049366869,1.0,7.808561906109309e-48,4.216488863550499e-93,ours_better
pd_knee,8,psnr,diffusion+loupe,281,40.27272179947648,37.407214460873476,2.7966716884282192,2.5583049062850876,2.9386487087737763,,,,1.7269019160521795,1.541555491144839,1.9109197465490717,1.0,7.808561906109309e-48,3.6356202826130265e-86,ours_better
pd_knee,12,psnr,diffusion+loupe,281,38.72404147056406,36.363339984008235,2.255130706866808,2.090875585419674,2.3767925787648707,,,,1.7340548265147686,1.5482498650991845,1.9185315218302286,1.0,7.808561906109309e-48,1.5240111669560097e-86,ours_better
pd_knee,16,psnr,diffusion+loupe,281,37.77235501816321,35.616837471719776,2.0194924675652715,1.8675116079377219,2.122721899403622,,,,2.00163385955666,1.7981828531564439,2.2037770423460814,1.0,7.808561906109309e-48,4.1403828691307413e-100,ours_better
pd_knee,20,psnr,diffusion+loupe,281,36.93342654853683,34.99969164179899,1.8137279321923643,1.6662898341685093,1.9040124301542747,,,,1.6903914343679143,1.5073736541785834,1.8720791771307335,1.0,7.808561906109309e-48,3.1632749736090594e-84,ours_better
pd_knee,4,psnr,diffusion+poisson,281,43.14521462939942,42.13663051742501,0.8627690313379759,0.7558833814547441,1.0020970205399848,,,,1.6128518374564618,1.4347109694866549,1.7896610387903369,0.9999495217182807,7.89261686837343e-48,4.864139600019044e-80,ours_better
pd_knee,8,psnr,diffusion+poisson,281,40.27272179947648,39.324990592951124,0.8475289488352047,0.6379018020837748,1.0251323730470148,,,,1.02207162019625,0.877131317403307,1.1657829324474176,0.8686050326846874,1.618902215023633e-36,1.6789891587037858e-45,ours_better
pd_knee,12,psnr,diffusion+poisson,281,38.72404147056406,37.51289217353286,1.1873570044463122,0.960131279551284,1.4772879353160562,,,,0.9489933286063861,0.8075320494557356,1.0892609726692375,0.8137351404558189,2.9453844885460997e-32,4.908213466751585e-41,ours_better
pd_knee,16,psnr,diffusion+poisson,281,37.77235501816321,36.28743387903922,1.5787873097411165,1.3763226487769629,1.8098986175210499,,,,1.2200459888972577,1.064893728737388,1.3739041570326895,0.906261830847278,1.3394080071171628e-39,1.6862178228493295e-57,ours_better
pd_knee,20,psnr,diffusion+poisson,281,36.93342654853683,35.78288823277322,1.2367415341483223,0.9373208517104388,1.40960954347986,,,,0.8511607934173951,0.7140801417589929,0.9871064928696103,0.7595719441710204,2.542827845322823e-28,4.3715415264521043e-35,ours_better
pd_knee,4,ssim,diffusion+loupe,281,0.9692915774377224,0.9548069191814947,0.011786399999999975,0.010764369999999968,0.012731600000000065,1.1786399999999975,1.0764369999999968,1.2731600000000065,1.2301002978039555,1.074401543326147,1.3845026810838839,1.0,7.808561906109309e-48,4.224006535199334e-58,ours_better
pd_knee,8,ssim,diffusion+loupe,281,0.9498109047330962,0.9367747607473308,0.010381100000000032,0.009377350000000062,0.011628040000000062,1.0381100000000032,0.9377350000000062,1.1628040000000062,1.134071981694157,0.9834870056894924,1.283386149061477,0.9995961737462457,8.506761465762249e-48,2.5437564272195112e-52,ours_better
pd_knee,12,ssim,diffusion+loupe,281,0.9365340986476869,0.9233082202846973,0.010320769999999979,0.009544699999999962,0.011668600000000029,1.032076999999998,0.9544699999999962,1.166860000000003,1.196261682880207,1.0423921108713345,1.348842910676286,0.9988894778021756,9.881355797703936e-48,4.498046751447075e-56,ours_better
pd_knee,16,ssim,diffusion+loupe,281,0.9276233296797153,0.9125019449822064,0.012923699999999982,0.011848799999999993,0.013752250000000021,1.2923699999999982,1.1848799999999993,1.3752250000000021,1.522699586256675,1.3501030878669893,1.693965434490055,1.0,7.808561906109309e-48,4.671707336327454e-75,ours_better
pd_knee,20,ssim,diffusion+loupe,281,0.9179918834875446,0.9034225445551601,0.012401459999999975,0.010865540000000062,0.013158530000000002,1.2401459999999975,1.0865540000000062,1.3158530000000002,1.3078810750482328,1.1478721915062995,1.466578779595812,0.9953559980818253,2.0863840195127465e-47,1.027473104521358e-62,ours_better
pd_knee,4,ssim,diffusion+poisson,281,0.9692915774377224,0.9658456838434165,0.0025848000000000537,0.002249439999999936,0.0029868499999999854,0.25848000000000537,0.2249439999999936,0.29868499999999854,1.0769396802875266,0.9292793784464817,1.2233487525041802,0.9980818252946669,1.1724820151494212e-47,7.532740404819224e-49,ours_better
pd_knee,8,ssim,diffusion+poisson,281,0.9498109047330962,0.9446806301779358,0.0029166999999999943,0.00229020000000002,0.0042666499999999274,0.29166999999999943,0.229020000000002,0.42666499999999274,0.7166637525898595,0.5850352022844457,0.8472617890044805,0.7499305923626359,1.1967101659135376e-27,4.302692728957382e-27,ours_better
pd_knee,12,ssim,diffusion+poisson,281,0.9365340986476869,0.9269949299288256,0.006815299999999969,0.005091599999999974,0.008909599999999962,0.6815299999999969,0.5091599999999974,0.8909599999999962,0.7860972082267363,0.6517406655093996,0.9193657075986343,0.7953610459099972,6.829067773925419e-31,3.5164442726627436e-31,ours_better
pd_knee,16,ssim,diffusion+poisson,281,0.9276233296797153,0.9131971525622775,0.011673399999999945,0.010561449999999972,0.01323717999999996,1.1673399999999945,1.0561449999999972,1.323717999999996,1.0217783806323322,0.8768523721212089,1.1654755270334203,0.9312990585800459,1.0138949921221503e-41,1.7497021555036553e-45,ours_better
pd_knee,20,ssim,diffusion+poisson,281,0.9179918834875446,0.9049996433096086,0.010007700000000064,0.007816299999999998,0.01256395999999993,1.0007700000000064,0.7816299999999998,1.256395999999993,0.7875965038001574,0.6531789764270516,0.920924832126916,0.7834986497059641,5.0052620426252935e-30,2.862901305143435e-31,ours_better
pdfs_knee,4,nrmse,diffusion+loupe,270,0.11104647039470673,0.1268790545994062,0.0151762245059371,0.014649245920668352,0.016464867696027147,,,,2.3937595578211535,2.158373724146654,2.627831104186351,1.0,4.9273748175044165e-46,1.4717697476812e-113,ours_better
pdfs_knee,8,nrmse,diffusion+loupe,270,0.12696141577365042,0.14219417786226354,0.015205492365519956,0.013958716068240506,0.015869046184719945,,,,2.301542219535603,2.0728233423125255,2.528935164530386,1.0,4.9273748175044165e-46,1.1403197311508417e-109,ours_better
pdfs_knee,12,nrmse,diffusion+loupe,270,0.135319902681788,0.1485960275050253,0.013282854084620994,0.01233401424483932,0.013962026992108093,,,,2.171256329964919,1.9518312427035927,2.3893395014037098,1.0,4.9273748175044165e-46,5.4575811429335923e-104,ours_better
pdfs_knee,16,nrmse,diffusion+loupe,270,0.14124270794271038,0.1526081918334553,0.011397151753710894,0.010438803756801104,0.011996368566718976,,,,2.0337819710549576,1.823984991350091,2.242221386046245,1.0,4.9273748175044165e-46,9.471182137201984e-98,ours_better
pdfs_knee,20,nrmse,diffusion+loupe,270,0.14589150038433008,0.1558308685363216,0.009936225349046895,0.009206181161600449,0.01051098226284259,,,,1.8842988203456061,1.6847329202001935,2.0824926730143063,1.0,4.9273748175044165e-46,1.150086771256609e-90,ours_better
pdfs_knee,4,nrmse,diffusion+poisson,270,0.11104647039470673,0.11595355684794344,0.004619633456144599,0.00414612531875555,0.0050135417006975935,,,,2.2999885811790306,2.0713814211542676,2.52726961438974,1.0,4.9273748175044165e-46,1.3288178675124647e-109,ours_better
pdfs_knee,8,nrmse,diffusion+poisson,270,0.12696141577365042,0.1364766961310098,0.008787671457562797,0.0078523951930543,0.009927883100155188,,,,2.1580317320914224,1.9395411706946895,2.3751788054130945,1.0,4.9273748175044165e-46,2.1185670510357352e-103,ours_better
pdfs_knee,12,nrmse,diffusion+poisson,270,0.135319902681788,0.1494565922150786,0.0136360641704057,0.012745712956543698,0.01512194654732181,,,,2.2028640959669428,1.9811986192999704,2.423191458824646,0.9999453327866612,4.982594639364292e-46,2.1806822668013293e-105,ours_better
pdfs_knee,16,nrmse,diffusion+poisson,270,0.14124270794271038,0.1587237026428124,0.0173843897001648,0.016150825274715702,0.018531318587476805,,,,2.235716732365283,2.0117127089005837,2.458386651598253,0.999453327866612,5.508119777539207e-46,7.92670438834572e-107,ours_better
pdfs_knee,20,nrmse,diffusion+poisson,270,0.14589150038433008,0.16314082120221346,0.016947804578721838,0.01544188558803139,0.01892401354959581,,,,2.1862735930315442,1.9657852529043456,2.405421816311615,0.9991253245865792,5.8887546896597354e-46,1.1774519010766329e-104,ours_better
pdfs_knee,4,psnr,diffusion+loupe,270,36.51171452580214,35.018624343958166,1.5148857829901452,1.4117933008688688,1.620380353752907,,,,2.232204713672576,2.00845115940205,2.454623732567353,1.0,4.9273748175044165e-46,1.1279840869034373e-106,ours_better
pdfs_knee,8,psnr,diffusion+loupe,270,35.0824494843426,33.91279423655566,1.2222655771435242,1.1200198320877064,1.2817318071124255,,,,1.9903457120314794,1.7835487363063327,2.1957805816726155,1.0,4.9273748175044165e-46,1.0050396477157875e-95,ours_better
pdfs_knee,12,psnr,diffusion+loupe,270,34.35050613975095,33.437178812071934,0.9597406397005042,0.8697803447604215,1.0275003829687819,,,,1.7825519687752907,1.5897886711429803,1.9739356847283964,0.9983053163864972,6.958768830592343e-46,1.1676246159336271e-85,ours_better
pdfs_knee,16,psnr,diffusion+loupe,270,33.85191531315195,33.128676636215395,0.7538062852926934,0.6807443248740128,0.8212240620754212,,,,1.6124450922765339,1.4307184309212948,1.7927858950508209,0.992893262265956,2.087434060514176e-45,5.991331724731547e-77,ours_better
pdfs_knee,20,psnr,diffusion+loupe,270,33.47182244591825,32.88123587632034,0.6133116687255296,0.5553185804197219,0.6737627606015693,,,,1.4612609447042095,1.2889344206553144,1.6322055919848808,0.9791171245045783,3.3297443845136515e-44,7.449648431922161e-69,ours_better
pdfs_knee,4,psnr,diffusion+poisson,270,36.51171452580214,36.11525313249649,0.3789744478763808,0.3322260690556931,0.4059879268868549,,,,1.6800511567751395,1.493992163869777,1.8647256574225026,0.999726663933306,5.209700576086055e-46,1.839855776499433e-80,ours_better
pdfs_knee,8,psnr,diffusion+poisson,270,35.0824494843426,34.4326261951213,0.6241254535007386,0.5217973238456466,0.6855212328422233,,,,1.4998570665184883,1.3251710186622714,1.6731591594096833,0.9871532048653819,6.649679950701377e-45,5.954332784166814e-71,ours_better
pdfs_knee,12,psnr,diffusion+poisson,270,34.35050613975095,33.4139587499614,0.902586791236935,0.8039364670995894,0.9972674735636602,,,,1.5765370809049004,1.3970804028030825,1.7546078928381077,0.9865518655186551,7.504962135486143e-45,4.682056908440815e-75,ours_better
pdfs_knee,16,psnr,diffusion+poisson,270,33.85191531315195,32.729240458914354,1.1022048269468563,1.0222693844164787,1.1801373222570228,,,,1.6553692157847444,1.4709005090191902,1.8384527398015067,0.9886838868388684,4.885395656533981e-45,3.463010401261001e-79,ours_better
pdfs_knee,20,psnr,diffusion+poisson,270,33.47182244591825,32.457128048489764,0.9943033543249591,0.8948795599482011,1.1784981668617185,,,,1.5959838246700997,1.4153005435027803,1.7752811776271349,0.9826704933716004,1.6359036092269985e-44,4.3950319692807363e-76,ours_better
pdfs_knee,4,ssim,diffusion+loupe,270,0.8742682442222222,0.8574251758888889,0.015722150000000046,0.01367489999999999,0.01775973000000003,1.5722150000000046,1.367489999999999,1.775973000000003,1.8070866745130503,1.6126959127054286,2.0000994570247674,1.0,4.9273748175044165e-46,7.0174442267049505e-87,ours_better
pdfs_knee,8,ssim,diffusion+loupe,270,0.8349282056296297,0.8209451127037038,0.013170249999999994,0.010967299999999958,0.01514125000000005,1.3170249999999994,1.0967299999999958,1.514125000000005,1.2952471657266882,1.132718050629406,1.4564138421229376,0.9582889162224956,2.0386131781785534e-42,1.3116742600160893e-59,ours_better
pdfs_knee,12,ssim,diffusion+loupe,270,0.8135460052592592,0.804063602888889,0.00942047500000004,0.007747030000000044,0.011394960000000065,0.9420475000000039,0.7747030000000044,1.1394960000000065,0.918460878264855,0.77556292371354,1.0601340417029221,0.801503348366817,3.47364044967065e-30,1.0558708796750716e-37,ours_better
pdfs_knee,16,ssim,diffusion+loupe,270,0.7987709382592593,0.7932171363703703,0.006159950000000025,0.0045183349999999844,0.007551148000143542,0.6159950000000025,0.45183349999999844,0.7551148000143542,0.5926891934728604,0.46285884383728626,0.7215749643637607,0.5892305589722564,4.75330411685806e-17,2.150227441721398e-19,ours_better
pdfs_knee,20,ssim,diffusion+loupe,270,0.7874162242962963,0.7847634174074074,0.003668750000000054,0.0026657350000000024,0.0049753700000000345,0.3668750000000054,0.26657350000000024,0.49753700000000345,0.30804796454460576,0.18568992011449956,0.4298583737902635,0.3420800874675413,1.1026078189517544e-06,7.712638891435234e-07,ours_better
pdfs_knee,4,ssim,diffusion+poisson,270,0.8742682442222222,0.8696629533333333,0.004105054999999969,0.003446244999999959,0.004781099999999983,0.41050549999999686,0.3446244999999959,0.47810999999999826,1.1888738052518708,1.0322879133162783,1.3441208034358105,0.9498701653683204,1.0491014901198118e-41,1.6225668333253774e-53,ours_better
pdfs_knee,8,ssim,diffusion+poisson,270,0.8349282056296297,0.8281001507037038,0.005811589999999978,0.004470405000000011,0.007808090000000045,0.5811589999999978,0.44704050000000106,0.7808090000000045,0.7557824579289854,0.6199426578498201,0.8905149281965304,0.7039223725570589,1.1687773330265393e-23,2.6966733087910806e-28,ours_better
pdfs_knee,12,ssim,diffusion+poisson,270,0.8135460052592592,0.8036594312592593,0.009255200000000019,0.0076838249999999775,0.011981219999999959,0.9255200000000019,0.7683824999999977,1.198121999999996,0.7648469764581196,0.6286404304634138,0.8999385169354792,0.7067104004373377,7.812496811735581e-24,8.245406462435845e-29,ours_better
pdfs_knee,16,ssim,diffusion+poisson,270,0.7987709382592593,0.7861309946666667,0.011807184999999942,0.009970999999999952,0.014768299999999956,1.1807184999999942,0.9970999999999952,1.4768299999999956,0.8276020435518114,0.68876817554969,0.9652715273106874,0.7507175071750718,1.1003925985772203e-26,2.07039901388123e-32,ours_better
pdfs_knee,20,ssim,diffusion+poisson,270,0.7874162242962963,0.7755339315925927,0.010935525000000001,0.008786549999999949,0.0148625,1.0935525000000001,0.8786549999999949,1.48625,0.7138973458728066,0.5797089587905853,0.8470157034497332,0.674074074074074,7.909309512617576e-22,6.120017960600988e-26,ours_better
t2_brain,4,nrmse,diffusion+loupe,280,0.08987365860009938,0.09142298405965002,0.0010831554318574549,0.0008300110092537977,0.0013520326503027036,,,,0.7517756049874621,0.6185529854706298,0.8839338338842214,0.7073716319267921,1.0679415424791074e-24,4.755583082163892e-29,ours_better
t2_brain,8,nrmse,diffusion+loupe,280,0.10402096032334507,0.10822336180693805,0.0030294135336595,0.0024180902961986883,0.004623207580061191,,,,0.9110310340220347,0.77105805492686,1.0498273407338985,0.8514489069649211,4.891831767915879e-35,1.375904651979764e-38,ours_better
t2_brain,12,nrmse,diffusion+loupe,280,0.1112651353573688,0.11650490831298183,0.004037509349261455,0.003357269653749358,0.005429484297996896,,,,1.0203127132481524,0.8751983388547255,1.1641944776444313,0.9298932384341637,1.8543271789682723e-41,3.077585404194637e-45,ours_better
t2_brain,16,nrmse,diffusion+loupe,280,0.11632473455816975,0.12218388184901341,0.004986215047364448,0.004055093577216,0.005683501567381351,,,,1.093877620357938,0.9450934794290204,1.2413998660973353,0.9577020843924758,7.204083989208856e-44,1.0410248391051362e-49,ours_better
t2_brain,20,nrmse,diffusion+loupe,280,0.12048826988543761,0.12693442581533884,0.005070684212138847,0.004638770262563041,0.005818982842654849,,,,1.183683977629006,1.030212127570762,1.3358661391074123,0.9839857651245552,3.270079509636882e-46,3.9838165893390374e-55,ours_better
t2_brain,4,nrmse,diffusion+poisson,280,0.08987365860009938,0.09058730277365774,0.0005422096854937053,0.00045862737048985025,0.0006168788791268975,,,,0.9388611797560931,0.7976158806569463,1.078914047603817,0.9115404168784952,6.616101639081257e-40,2.802485917202773e-40,ours_better
t2_brain,8,nrmse,diffusion+poisson,280,0.10402096032334507,0.10496398103054391,0.0007819558578467944,0.0006851601288362999,0.0008974063859755951,,,,1.077214289853228,0.9292753076916028,1.2238974666524705,0.9401118454499238,2.457853058364981e-42,1.0672361181479381e-48,ours_better
t2_brain,12,nrmse,diffusion+poisson,280,0.1112651353573688,0.11233863554405947,0.0008333837643397027,0.0006957163719479992,0.0009542849228665537,,,,0.9724105444065343,0.8295973119727093,1.1140137518219617,0.9384341637010676,3.430011962549786e-42,2.5441757158879625e-42,ours_better
t2_brain,16,nrmse,diffusion+poisson,280,0.11632473455816975,0.11802030851810988,0.0013310180354069515,0.0011828203537168555,0.001522277936819097,,,,1.1435657482452095,0.9922150431541358,1.2936381704496516,0.9656329435688866,1.4361850699034172e-44,1.0304089986218822e-52,ours_better
t2_brain,20,nrmse,diffusion+poisson,280,0.12048826988543761,0.12268074775110388,0.0015878200343148532,0.001379418116237377,0.001958299022823795,,,,1.0919099318071965,0.943226005527751,1.2393326660429655,0.98266395526182,4.30416668839593e-46,1.3700850274946362e-49,ours_better
t2_brain,4,psnr,diffusion+loupe,280,37.71398857811407,37.23286377508198,0.41405733460899796,0.37571629190973255,0.4589257786782497,,,,2.0871720278565715,1.8775251845892085,2.2955153010669544,1.0,1.1381450406342067e-47,7.417690802274648e-104,ours_better
t2_brain,8,psnr,diffusion+loupe,280,36.24267613435829,35.313715716985165,0.799848969288611,0.7403995931108298,0.8697410772985101,,,,2.05339764031487,1.8460625223147564,2.25942557762688,1.0,1.1381450406342067e-47,2.9885382092525648e-102,ours_better
t2_brain,12,psnr,diffusion+loupe,280,35.42842653883438,34.485029469355695,0.8254183627501597,0.7818862075120947,0.90333106552686,,,,2.1405306424007136,1.9272078433776743,2.3525557798101024,1.0,1.1381450406342067e-47,2.330093551606859e-106,ours_better
t2_brain,16,psnr,diffusion+loupe,280,34.87476226320098,33.96064405590029,0.8082422752966849,0.7644391130594386,0.8554523075588598,,,,2.1935413870889318,1.976539044480007,2.409252140645543,1.0,1.1381450406342067e-47,8.323030828254061e-109,ours_better
t2_brain,20,psnr,diffusion+loupe,280,34.39372581420427,33.541812454481985,0.7419541935558769,0.7011836613686242,0.7924645343539041,,,,2.2569400766788674,2.035502989064818,2.4770930392094934,1.0,1.1381450406342067e-47,1.1074181203721877e-111,ours_better
t2_brain,4,psnr,diffusion+poisson,280,37.71398857811407,37.711132551909216,0.003076196889939098,-0.011710160421390725,0.01438193855781833,,,,0.030779133735909927,-0.08640648479880977,0.14790964220268524,0.01728520589730554,0.802038652394444,0.6069374672056008,ours_better
t2_brain,8,psnr,diffusion+poisson,280,36.24267613435829,36.13262938123372,0.0975830434830236,0.09188228531311182,0.10720580992055773,,,,1.358327578380946,1.1951567410877546,1.5201753739978454,0.9684290798169801,8.108159257873032e-45,1.9293190357568175e-65,ours_better
t2_brain,12,psnr,diffusion+poisson,280,35.42842653883438,35.30106644738136,0.11276648598514072,0.10233952137942737,0.12281924612416617,,,,1.3385380096264359,1.1765017137654787,1.4992538657906787,0.9785460091509913,1.0107224669274416e-45,2.7313120063620097e-64,ours_better
t2_brain,16,psnr,diffusion+poisson,280,34.87476226320098,34.67773769202383,0.173540607736701,0.15955106370135042,0.1871865211396475,,,,1.7126699307252744,1.5279028542500552,1.8961030633837104,0.9998983223182512,1.1628685086722207e-47,4.095864130655511e-85,ours_better
t2_brain,20,psnr,diffusion+poisson,280,34.39372581420427,34.18652633902901,0.17202357156671866,0.15351302565121472,0.20525408725231387,,,,1.3496662024527895,1.1869929775468862,1.5110174913755152,0.9736654804270463,2.767160040866062e-45,6.1452140520681794e-65,ours_better
t2_brain,4,ssim,diffusion+loupe,280,0.9194531269642857,0.9124095724642858,0.00640052499999999,0.0059438305975678335,0.006711899999999993,0.640052499999999,0.5943830597567834,0.6711899999999993,2.443050075257382,2.2083989323724897,2.6764396837836486,1.0,1.1381450406342067e-47,8.09912203651711e-120,ours_better
t2_brain,8,ssim,diffusion+loupe,280,0.8987205519642857,0.8823975747857143,0.015213750000000026,0.014461500000000016,0.01596924999999999,1.5213750000000026,1.4461500000000016,1.596924999999999,2.960161809817337,2.6875705577536917,3.2315521814013,1.0,1.1381450406342067e-47,2.905647998334225e-140,ours_better
t2_brain,12,ssim,diffusion+loupe,280,0.8861085054285714,0.8676772104285715,0.01803838499999999,0.01736652999999999,0.018439740000000038,1.803838499999999,1.7366529999999991,1.8439740000000038,3.2404846295704095,2.946757621327922,3.5330392486383055,1.0,1.1381450406342067e-47,3.381387904908919e-150,ours_better
t2_brain,16,ssim,diffusion+loupe,280,0.8763135561785714,0.8582771301428571,0.018120199999999975,0.017301929999999965,0.019085644999999984,1.8120199999999975,1.7301929999999965,1.9085644999999984,2.9859633418260714,2.7114409725233184,3.2592876098445025,1.0,1.1381450406342067e-47,3.2949020749200404e-141,ours_better
t2_brain,20,ssim,diffusion+loupe,280,0.86860126875,0.8513619108571429,0.017376250000000037,0.01679370973225814,0.01798034999999998,1.7376250000000037,1.679370973225814,1.7980349999999978,3.097544253889152,2.8146360490658426,3.379266019107625,1.0,1.1381450406342067e-47,3.1870012885221374e-145,ours_better
t2_brain,4,ssim,diffusion+poisson,280,0.9194531269642857,0.9182417419285714,0.00105048499999999,0.0009146000000000987,0.0012128999999999612,0.10504849999999899,0.09146000000000987,0.12128999999999612,0.8369204135660848,0.700204704111552,0.9725068529345353,0.8074733096085409,1.108675394763488e-31,4.1322203113898e-34,ours_better
t2_brain,8,ssim,diffusion+poisson,280,0.8987205519642857,0.896092343857143,0.0023807750000000016,0.0022179199999999843,0.0025656749999999895,0.23807750000000016,0.22179199999999843,0.25656749999999895,1.9065212631240858,1.7090927766745234,2.102628445783947,1.0,1.1381450406342067e-47,4.459102073936429e-95,ours_better
t2_brain,12,ssim,diffusion+poisson,280,0.8861085054285714,0.8833417859642857,0.002534315000000009,0.0023542579794298673,0.0027012499999999884,0.2534315000000009,0.23542579794298674,0.27012499999999884,1.9204257911425755,1.7220702425494385,2.117461239905621,0.9998474834773767,1.1754299619204837e-47,9.045893705615625e-96,ours_better
t2_brain,16,ssim,diffusion+poisson,280,0.8763135561785714,0.8732393043571428,0.0030262549999999777,0.0028193599999999375,0.0031647200000000653,0.30262549999999777,0.28193599999999375,0.3164720000000065,2.0058576767857055,1.80175583980861,2.208647453405915,0.9974072191154042,1.9674123974522708e-47,5.791228247646901e-100,ours_better
t2_brain,20,ssim,diffusion+poisson,280,0.86860126875,0.8648158487857144,0.0035489549999999648,0.0032883000000000218,0.0037559499999999524,0.3548954999999965,0.3288300000000022,0.37559499999999524,1.8052929050979658,1.6145398598519103,1.9947169702517007,0.9977122521606507,1.84485691497776e-47,6.035058667307797e-90,ours_better
